state,year,population
Johor,2025,8411.7
Kedah,2025,4456.000000000001
Kelantan,2025,3815.2999999999997
Melaka,2025,2105.2
"Negeri Sembilan",2025,2489.2000000000003
Pahang,2025,3356.3
Perak,2025,5149.799999999997
Perlis,2025,595.6
"Pulau Pinang",2025,3606.499999999999
Sabah,2025,7519.199999999999
Sarawak,2025,5059.800000000001
Selangor,2025,14813.6
Terengganu,2025,2494.0000000000005
"Kuala Lumpur",2025,4148
Labuan,2025,201.80000000000007
Putrajaya,2025,241.4
